completed_steps,train_loss,validation_loss,learning_rate,grad_norm
20,8.765772104263306,,2.8499999999999998e-05,1.4564372630650426
40,7.860989212989807,,5.85e-05,2.26573178048252
60,6.874072819948196,,8.849999999999998e-05,2.0829398146165508
80,5.882499486207962,,0.0001185,1.3883824097003201
100,5.105835437774658,,0.00014849999999999998,0.5821325861586102
120,4.5592677891254425,,0.00017849999999999997,0.38111750674086897
140,4.165836125612259,,0.00020849999999999997,0.4789670176161329
160,3.9160507768392563,,0.0002385,0.4756457963287694
180,3.7377018481492996,,0.00026849999999999997,0.5758934115347817
200,3.5750556886196136,3.5471122026443482,0.0002985,0.3586421823857203
220,3.371250167489052,,0.00029999749535682954,0.35407510535938874
240,3.2841881066560745,,0.0002999894473008021,0.38100809861498164
260,3.2314002960920334,,0.0002999758492247182,0.4751773610815436
280,3.137562096118927,,0.00029995670168765545,0.47356439006649503
300,3.0530255883932114,,0.00029993200547685485,0.35106070173142057
320,3.044133275747299,,0.0002999017616076881,0.6217653077160146
340,2.942207098007202,,0.0002998659713236159,0.5183280351982856
360,2.9069493263959885,,0.000299824636096137,0.7484769145381938
380,2.89724600315094,,0.0002997777576247275,0.733108439933177
400,2.8621715009212494,2.8227312684059145,0.000299725337836771,0.550659288871837
420,2.800731837749481,,0.00029966737888747965,0.48214395065253196
440,2.8342536836862564,,0.0002996038831598049,0.41065308945575557
460,2.7440145313739777,,0.00029953485326434043,0.4598226517399816
480,2.736763447523117,,0.0002994602920392138,0.5371325862931977
500,2.6768088191747665,,0.0002993802025499707,0.439192119141239
520,2.676270455121994,,0.00029929458808944826,0.4400483642929414
540,2.6316318958997726,,0.00029920345217763995,0.5172752861376219
560,2.6268463730812073,,0.00029910679856155075,0.5121927964667966
580,2.6053260266780853,,0.0002990046312150433,0.4745522933301525
600,2.6382886916399,2.561758828163147,0.0002988969543386742,0.4452510124966651
620,2.532743513584137,,0.0002987837723595215,0.44133896179293997
640,2.5118611603975296,,0.0002986650899310028,0.38178490117541297
660,2.4781724512577057,,0.0002985409119326835,0.5178179885606856
680,2.487575486302376,,0.0002984112434700768,0.48864229762265754
700,2.494179144501686,,0.0002982760898744332,0.6084829265719799
720,2.4912815392017365,,0.00029813545670252155,0.4953593009551753
740,2.4417888820171356,,0.0002979893497364007,0.419759477817401
760,2.397629886865616,,0.00029783777498318176,0.49129322581121637
780,2.4379262179136276,,0.0002976807386747808,0.6015587319937039
800,2.4227052181959152,2.4456237077713014,0.000297518247267663,0.4466585810686351
820,2.447346642613411,,0.000297350307442577,0.4277534527417112
840,2.3786760717630386,,0.0002971769261042803,0.5030099424976723
860,2.3657235503196716,,0.00029699811038125533,0.468343021930741
880,2.385298728942871,,0.00029681386762541644,0.451487499096464
900,2.291135758161545,,0.00029662420541180746,0.4746470975627366
920,2.3609571158885956,,0.00029642913153829053,0.4330201805766156
940,2.3380159586668015,,0.0002962286540252252,0.4904179499162069
960,2.2996980994939804,,0.00029602278111513883,0.5104611098946902
980,2.3032051026821136,,0.00029581152127238793,0.42778976163227495
1000,2.309717446565628,2.3047524213790895,0.0002955948831828095,0.38814445553306554
1020,2.280581146478653,,0.0002953728757533646,0.46800771998488355
1040,2.284231573343277,,0.0002951455081117718,0.4778976951403961
1060,2.25726418197155,,0.00029491278960613204,0.47155212337614455
1080,2.242325469851494,,0.0002946747298045441,0.44494508014909323
1100,2.2138342559337616,,0.00029443133849471143,0.4643949597789765
1120,2.2306229770183563,,0.0002941826256835395,0.606581797568437
1140,2.207107201218605,,0.0002939286015967248,0.4005044641840728
1160,2.2185710966587067,,0.00029366927667833366,0.4109568923527021
1180,2.227175235748291,,0.0002934046615903738,0.4779266120769046
1200,2.180293783545494,2.208815813064575,0.000293134767212355,0.41467513285270086
1220,2.1748210936784744,,0.00029285960464084284,0.4731924865390737
1240,2.2011015117168427,,0.0002925791851890013,0.44601515290603366
1260,2.1778798550367355,,0.0002922935203861286,0.45908346732759486
1280,2.149634435772896,,0.0002920026219771828,0.45502160683179294
1300,2.1322792395949364,,0.00029170650192229873,0.44905610420075964
1320,2.15503016859293,,0.0002914051723962965,0.5034188901427961
1340,2.1501332223415375,,0.0002910986457881811,0.43024006873863746
1360,2.095690131187439,,0.0002907869347006325,0.44224019313236124
1380,2.09620064496994,,0.000290470051949488,0.43806698893571827
1400,2.1219921559095383,2.16888769865036,0.00029014801056321507,0.47133829672573
1420,2.122940093278885,,0.0002898208237823758,0.4609118274681653
1440,2.108618140220642,,0.00028948850505908236,0.42412296858404186
1460,2.133970245718956,,0.00028915106805644413,0.3743106889680872
1480,2.099565476179123,,0.0002888085266480058,0.41800017275558615
1500,2.1273654103279114,,0.0002884608949171771,0.4802663174753171
1520,2.1167799085378647,,0.00028810818715665354,0.4504681787714947
1540,2.075728513300419,,0.00028775041786782907,0.4085621967467099
1560,2.1160046085715294,,0.0002873876017601996,0.4143278923638915
1580,2.096325322985649,,0.00028701975375075843,0.5015080880211295
1600,2.063207969069481,2.100591945648193,0.0002866468889633827,0.3937647599940712
1620,2.1016565188765526,,0.00028626902272821196,0.4289766022009553
1640,2.0459934920072556,,0.0002858861705810174,0.41956355501941767
1660,2.078270986676216,,0.00028549834826256367,0.3714365586232095
1680,2.0726365819573402,,0.000285105571717961,0.47666464807221776
1700,2.059886910021305,,0.0002847078570960104,0.38991214442616123
1720,2.0522769689559937,,0.0002843052207485391,0.39763976559431785
1740,2.062878295779228,,0.0002838976792297285,0.3951873322749165
1760,2.0157727897167206,,0.0002834852492954336,0.40854646397224553
1780,2.046722933650017,,0.0002830679479024941,0.37978258407320803
1800,2.0441308468580246,2.0672042965888977,0.000282645792208037,0.374797111628565
1820,2.0567431449890137,,0.0002822187995687714,0.42436333122119707
1840,2.0222617089748383,,0.00028178698754027494,0.42180463119196787
1860,2.024303898215294,,0.0002813503738762717,0.38104237861591894
1880,2.0361318215727806,,0.00028090897652790277,0.4069661164125493
1900,2.052854597568512,,0.00028046281364298766,0.45554044169187025
1920,2.012032948434353,,0.00028001190356527847,0.41267579207927485
1940,1.952071838080883,,0.00027955626483370567,0.40185953682049896
1960,1.9569522887468338,,0.0002790959161816158,0.38563167981387736
1980,1.9756930097937584,,0.00027863087653600137,0.4622154835945317
2000,2.021156467497349,2.0166893899440765,0.00027816116501672253,0.3873342369201646
2020,2.0119099020957947,,0.00027768680093572114,0.39806445981995636
2040,1.9905114769935608,,0.00027720780379622664,0.41212477122496693
2060,1.937340185046196,,0.00027672419329195417,0.3967529940298867
2080,1.9643531665205956,,0.00027623598930629514,0.3917123110116622
2100,1.972165286540985,,0.0002757432119114993,0.3915575757653596
2120,1.9954867735505104,,0.0002752458813678498,0.3952358178226844
2140,1.9766869023442268,,0.0002747440181228301,0.4238126330665595
2160,1.983933039009571,,0.00027423764281028334,0.39357548425234923
2180,1.9996632561087608,,0.00027372677624956383,0.39859513611133013
2200,1.9910212233662605,1.946016436815262,0.00027321143944468137,0.3956195686140234
2220,1.9703454449772835,,0.00027269165358343724,0.37452369654349527
2240,1.9284871965646744,,0.0002721674400365536,0.3817845513919168
2260,1.92174232006073,,0.0002716388203567943,0.36210777376511627
2280,1.9509399011731148,,0.00027110581627807936,0.4413704436746425
2300,2.0129914581775665,,0.00027056844971459066,0.4177548116169844
2320,1.9750975519418716,,0.0002700267427598716,0.4073951594414268
2340,1.9637135118246078,,0.0002694807176859185,0.39058643552447003
2360,1.9534298926591873,,0.00026893039694226477,0.3944939318077015
2380,2.0057091265916824,,0.00026837580315505804,0.37666367791883576
2400,1.938502423465252,1.9706677198410034,0.00026781695912612985,0.39802958485590817
2420,1.9423534572124481,,0.0002672538878320583,0.362445118432931
2440,1.9343041852116585,,0.00026668661242322316,0.4722220588714828
2460,1.9168515652418137,,0.0002661151562228542,0.3673191144525613
2480,1.9151059538125992,,0.0002655395427260723,0.37609093556082407
2500,1.947206772863865,,0.0002649597955989232,0.40140267645972444
2520,1.9229157641530037,,0.00026437593867740497,0.3645477180093565
2540,1.9003556445240974,,0.0002637879959664875,0.3892645358039323
2560,1.9472100287675858,,0.00026319599163912566,0.40546265386043917
2580,1.9104239419102669,,0.00026259995003526587,0.39459091608743296
2600,1.915623478591442,1.9470134735107423,0.00026199989566084476,0.3856112021024141
2620,1.9165249168872833,,0.00026139585318678217,0.39660836759825685
2640,1.8769134506583214,,0.00026078784744796625,0.39695215941244083
2660,1.870189182460308,,0.00026017590344223283,0.3750591279364301
2680,1.9317971169948578,,0.00025956004632933765,0.34688295660553564
2700,1.9041225910186768,,0.00025894030142992164,0.36615604646063044
2720,1.9429217353463173,,0.00025831669422447,0.3927458507817872
2740,1.8984387591481209,,0.00025768925035226476,0.37236422327349455
2760,1.897042691707611,,0.0002570579956103302,0.36388237270465157
2780,1.91957488656044,,0.00025642295595237294,0.3635283500028703
2800,1.8664514645934105,1.8834714412689209,0.00025578415748771406,0.38454049045240407
2820,1.933503046631813,,0.0002551416264802161,0.38785306774561185
2840,1.8802424743771553,,0.0002544953893472031,0.35060934697014057
2860,1.8674153164029121,,0.0002538454726583748,0.36912473310812055
2880,1.8851389586925507,,0.0002531919031347134,0.3753511901483192
2900,1.8757680356502533,,0.00025253470764738584,0.36105395329282436
2920,1.8710767552256584,,0.0002518739132166387,0.34559981392901734
2940,1.874717928469181,,0.0002512095470106871,0.36665195910378723
2960,1.8757280260324478,,0.0002505416363445977,0.3494838072292629
2980,1.8988037258386612,,0.0002498702086791659,0.3893682243127423
3000,1.9101910591125488,1.8788887798786162,0.0002491952916197868,0.3632927598301214
3020,1.8722670376300812,,0.00024851691291531995,0.3553395536963759
3040,1.92121771723032,,0.0002478351004569485,0.41349264864884355
3060,1.8674250319600105,,0.0002471498822770328,0.36740447291695777
3080,1.8750064224004745,,0.0002464612865479576,0.3716435203986537
3100,1.8717432096600533,,0.00024576934158097364,0.3439090768448983
3120,1.8650473728775978,,0.00024507407582503404,0.35478409053205207
3140,1.881308376789093,,0.00024437551786562437,0.3664175362636632
3160,1.8572959825396538,,0.00024367369642358725,0.3563102445199919
3180,1.863103099167347,,0.00024296864035394178,0.36115799924180364
3200,1.8589605912566185,1.902126282453537,0.00024226037864469714,0.36796659524036107
3220,1.861621655523777,,0.0002415489404156605,0.36446564238690665
3240,1.8800800889730453,,0.00024083435491724023,0.37996503371682844
3260,1.8503808677196503,,0.0002401166515292428,0.43056334253521306
3280,1.865653246641159,,0.00023939585975966512,0.36579279639618983
3300,1.8604860678315163,,0.0002386720092434814,0.3532453095452984
3320,1.8411885201931,,0.00023794512974142449,0.36987278813960867
3340,1.879544012248516,,0.00023721525113876236,0.36149038279901
3360,1.84405105561018,,0.00023648240344406962,0.33942087878041194
3380,1.8273529931902885,,0.0002357466167879933,0.3826999243649148
3400,1.8303783014416695,1.8524662792682647,0.00023500792142201445,0.3575481555963216
3420,1.8384580090641975,,0.00023426634771720408,0.3456417753605898
3440,1.850384682416916,,0.00023352192616297467,0.3793940832850898
3460,1.8279551342129707,,0.0002327746873658265,0.3373959518479907
3480,1.8678706362843513,,0.00023202466204808934,0.36529549305791825
3500,1.8466224670410156,,0.00023127188104665917,0.369634348093243
3520,1.797204427421093,,0.00023051637531173061,0.39597834800913007
3540,1.8076189383864403,,0.0002297581759055242,0.37834180670561773
3560,1.829814851284027,,0.0002289973140010093,0.4028214205412229
3580,1.874091476202011,,0.00022823382088062253,0.3719151247471363
3600,1.78539177775383,1.8344504356384277,0.00022746772793498163,0.36349638939138706
3620,1.8333501443266869,,0.0002266990666615947,0.3684101725195707
3640,1.8494927287101746,,0.0002259278686635653,0.353787254258571
3660,1.833248220384121,,0.00022515416564829308,0.36971085148503274
3680,1.7812228724360466,,0.00022437798942617022,0.3566878720960164
3700,1.8220622539520264,,0.00022359937190927345,0.38311471749562936
3720,1.8155846074223518,,0.000222818345110052,0.35006129129088487
3740,1.7940883785486221,,0.00022203494114001157,0.3680893802097073
3760,1.8094006478786469,,0.00022124919220839394,0.371246254490904
3780,1.8214197009801865,,0.00022046113062085273,0.3860507196765387
3800,1.8297733664512634,1.861383754014969,0.00021967078877812522,0.382546008953718
3820,1.8097151070833206,,0.00021887819917470016,0.37102400049964473
3840,1.7954223528504372,,0.00021808339439748184,0.35121554902109015
3860,1.8140315040946007,,0.00021728640712445025,0.3629934512834319
3880,1.8147859424352646,,0.00021648727012331747,0.3554707746558192
3900,1.824486881494522,,0.0002156860162501806,0.3823821253829001
3920,1.8257605955004692,,0.00021488267844817078,0.37066957551132174
3940,1.793862245976925,,0.00021407728974609877,0.33391543842594473
3960,1.7713685482740402,,0.00021326988325709708,0.35563241689346714
3980,1.8349170684814453,,0.0002124604921772584,0.3775523063053137
4000,1.7800748124718666,1.8009880304336547,0.00021164914978427088,0.36537180985942774
4020,1.8023887127637863,,0.00021083588943604983,0.3636852858919667
4040,1.77459666877985,,0.00021002074456936623,0.3633871394926628
4060,1.811201460659504,,0.00020920374869847223,0.35522404142323727
4080,1.8169728070497513,,0.0002083849354137229,0.3710528979517496
4100,1.7990177497267723,,0.00020756433838019532,0.3995516756112859
4120,1.7988893911242485,,0.00020674199133630455,0.3640960246135649
4140,1.8132564350962639,,0.00020591792809241627,0.36345807413419795
4160,1.834876410663128,,0.00020509218252945692,0.3724275745991391
4180,1.820930428802967,,0.00020426478859752065,0.3580583413130612
4200,1.8026768788695335,1.8339975833892823,0.00020343578031447332,0.3644196280482344
4220,1.785428747534752,,0.00020260519176455404,0.36052757991773826
4240,1.7957261428236961,,0.00020177305709697372,0.3553209863993008
4260,1.7987700998783112,,0.00020093941052451114,0.33467021688716425
4280,1.7702370062470436,,0.0002001042863221062,0.35746778159994685
4300,1.7852673456072807,,0.0001992677188254509,0.3838809772819557
4320,1.8119197934865952,,0.00019842974242957734,0.39285549446898205
4340,1.7728347182273865,,0.00019759039158744385,0.34348394319546405
4360,1.7855310291051865,,0.0001967497008085185,0.3704744466821153
4380,1.7690635323524475,,0.00019590770465735993,0.3539372452166723
4400,1.8031516373157501,1.7826517820358276,0.0001950644377521967,0.3691653034995229
4420,1.8167456239461899,,0.00019421993476350359,0.3573313916656384
4440,1.7642475217580795,,0.0001933742304125764,0.39494035923392923
4460,1.779890276491642,,0.00019252735947010427,0.3832030461897693
4480,1.7861147075891495,,0.0001916793567547401,0.3505391862476314
4500,1.767644740641117,,0.00019083025713166913,0.36133195752335145
4520,1.764574833214283,,0.00018998009551117532,0.3404559012953245
4540,1.7648895829916,,0.0001891289068472061,0.38737204128891983
4560,1.7611584961414337,,0.00018827672613593523,0.35016903193437154
4580,1.7531685307621956,,0.000187423588414324,0.3558329873443131
4600,1.7732116803526878,1.7773468136787414,0.0001865695287586807,0.3747356972943277
4620,1.816568523645401,,0.00018571458228321838,0.3586651326896197
4640,1.7823976278305054,,0.00018485878413861134,0.3635872262924748
4660,1.787895791232586,,0.0001840021695105497,0.35740824820862277
4680,1.8031487837433815,,0.00018314477361829287,0.35923654370420965
4700,1.8074701875448227,,0.0001822866317132216,0.3477143759501545
4720,1.7399097383022308,,0.0001814277790773885,0.3752778193882349
4740,1.8185878545045853,,0.0001805682510220675,0.36777880391792245
4760,1.8039805069565773,,0.00017970808288630217,0.3716235439245759
4780,1.7402544915676117,,0.00017884731003545246,0.359141506062691
4800,1.7695005685091019,1.8053197979927063,0.00017798596785974094,0.3716657327760472
4820,1.7828852385282516,,0.00017712409177279777,0.3490890137939922
4840,1.7654920816421509,,0.00017626171721020443,0.35763799062531904
4860,1.7748106569051743,,0.00017539887962803705,0.36279875234496073
4880,1.7825992032885551,,0.0001745356145014086,0.3604925525797843
4900,1.7496413514018059,,0.0001736719573230102,0.38994518156194957
4920,1.7779541164636612,,0.0001728079436016521,0.3525619531612149
4940,1.7635691836476326,,0.00017194360886080358,0.35558161740440014
4960,1.7572031915187836,,0.00017107898863713233,0.3670031993062805
4980,1.7504258081316948,,0.0001702141184790438,0.3409633662097126
5000,1.7562049701809883,1.8119080424308778,0.00016934903394521907,0.370774015766449
5020,1.7879412695765495,,0.00016848377060315342,0.3388328718016593
5040,1.775756299495697,,0.00016761836402769353,0.3673636759151618
5060,1.7445902824401855,,0.00016675284979957516,0.3538325240464642
5080,1.7623734697699547,,0.0001658872635039601,0.381958463366615
5100,1.771804265677929,,0.00016502164072897325,0.36879536773096
5120,1.7648540288209915,,0.0001641560170642392,0.3530010717306375
5140,1.7570395544171333,,0.00016329042809941919,0.35623890825715476
5160,1.7196542769670486,,0.00016242490942274787,0.35038140839942217
5180,1.784509226679802,,0.00016155949661956985,0.3738969582379794
5200,1.8018177896738052,1.8103990375995636,0.000160694225270877,0.3368924633644811
5220,1.7684518620371819,,0.0001598291309518452,0.38832508054148995
5240,1.7366702631115913,,0.000158964249230372,0.341136458712289
5260,1.7765768617391586,,0.00015809961566561393,0.3405803849962716
5280,1.743198812007904,,0.00015723526580652486,0.36210501422965446
5300,1.7306635677814484,,0.00015637123519039422,0.3492734294840209
5320,1.7522284165024757,,0.0001555075593413858,0.40683934357473944
5340,1.7302436605095863,,0.00015464427376907756,0.35440142342777264
5360,1.7341194450855255,,0.00015378141396700114,0.360524456583183
5380,1.7334301993250847,,0.00015291901541118316,0.35537028240790397
5400,1.77726099640131,1.7549831926822663,0.00015205711355868615,0.3879073587294719
5420,1.7589714974164963,,0.00015119574384615098,0.37450662749650376
5440,1.7480443269014359,,0.00015033494168833992,0.3690465747969943
5460,1.7345939055085182,,0.00014947474247668048,0.366312179655243
5480,1.7650747299194336,,0.00014861518157781032,0.35073644826731465
5500,1.7400831803679466,,0.0001477562943321234,0.34554876661331047
5520,1.7839768379926682,,0.00014689811605231648,0.35250825525052465
5540,1.7405138835310936,,0.00014604068202193784,0.35360962460266937
5560,1.7189856618642807,,0.00014518402749393613,0.35566842710078067
5580,1.7413730546832085,,0.00014432818768921133,0.3619549987472241
5600,1.7727825939655304,1.752355432510376,0.00014347319779516634,0.35202810439160526
5620,1.7744134739041328,,0.00014261909296426055,0.3470785279574833
5640,1.736432984471321,,0.0001417659083125645,0.3480541890603944
5660,1.7386136204004288,,0.00014091367891831585,0.3732657561579567
5680,1.725227639079094,,0.00014006243982047755,0.39111628975055723
5700,1.7297785952687263,,0.00013921222601729686,0.36464810314376905
5720,1.727637954056263,,0.0001383630724648667,0.3548888240141543
5740,1.73507709056139,,0.0001375150140756884,0.3666520690958195
5760,1.7534194663167,,0.00013666808571723604,0.3727926295314766
5780,1.7429864928126335,,0.00013582232221052325,0.35802372658362924
5800,1.7164807543158531,1.7300317764282227,0.00013497775832867128,0.35146191998956794
5820,1.6955603584647179,,0.00013413442879547957,0.3590278252761986
5840,1.7282800078392029,,0.00013329236828399775,0.35544802765851496
5860,1.7519679516553879,,0.00013245161141510055,0.3754515399625141
5880,1.742746390402317,,0.00013161219275606393,0.3509483097889618
5900,1.7103955149650574,,0.00013077414681914414,0.3592839408875112
5920,1.7621970251202583,,0.00012993750806015864,0.4113486960453591
5940,1.7126231789588928,,0.00012910231087706956,0.3455810643971526
5960,1.73899407684803,,0.00012826858960856928,0.36300856159024925
5980,1.7141188830137253,,0.00012743637853266897,0.3464400723679357
6000,1.7519730255007744,1.7459279119968414,0.00012660571186528876,0.3494230457281366
6020,1.7353624179959297,,0.0001257766237588514,0.35746819616736675
6040,1.71116753667593,,0.00012494914830087783,0.3451028371688662
6060,1.715464398264885,,0.0001241233195125859,0.35029165847041294
6080,1.7058755233883858,,0.0001232991713474915,0.3455617337937944
6100,1.734319917857647,,0.00012247673769001245,0.34086365426717324
6120,1.7253601178526878,,0.00012165605235407567,0.36360378174474806
6140,1.7283974662423134,,0.00012083714908172656,0.3401261490089387
6160,1.7193031385540962,,0.00012002006154174217,0.34772019614855776
6180,1.6710911840200424,,0.00011920482332824638,0.35124530128396614
6200,1.7268875315785408,1.728122466802597,0.00011839146795932922,0.38240736197345665
6220,1.7329761236906052,,0.0001175800288756685,0.3460122792078038
6240,1.7530507072806358,,0.00011677053943915483,0.35623220867174776
6260,1.7126388773322105,,0.0001159630329315203,0.37584839060744446
6280,1.7235282883048058,,0.00011515754255296978,0.3446416800389124
6300,1.735335499048233,,0.00011435410142081615,0.35366866730730606
6320,1.7293314412236214,,0.00011355274256811857,0.34450056230531056
6340,1.7110140398144722,,0.00011275349894232431,0.36694014068660386
6360,1.715385526418686,,0.00011195640340391431,0.36375786270265065
6380,1.7559909150004387,,0.00011116148872505198,0.35391378840443904
6400,1.7065848857164383,1.7296277701854705,0.0001103687875882358,0.36582451469688804
6420,1.7173262014985085,,0.00010957833258495568,0.3521131416187624
6440,1.7258156687021255,,0.00010879015621435288,0.3690771979018982
6460,1.7412000373005867,,0.00010800429088188405,0.3532648280825163
6480,1.7342339158058167,,0.00010722076889798844,0.37341446880419
6500,1.6790763586759567,,0.00010643962247676005,0.3814896667696571
6520,1.7421959936618805,,0.00010566088373462259,0.3684357805817745
6540,1.7103982791304588,,0.00010488458468900956,0.3463224718516833
6560,1.6632419303059578,,0.00010411075725704745,0.3514452457148888
6580,1.7426879480481148,,0.00010333943325424378,0.37115492100973757
6600,1.7146506905555725,1.7345405161380767,0.00010257064439317875,0.36497588066545866
6620,1.7113293632864952,,0.00010180442228220172,0.3568828920991018
6640,1.7240782752633095,,0.00010104079842413133,0.3546067794465325
6660,1.721714437007904,,0.00010027980421496053,0.37371381214706373
6680,1.6921316757798195,,9.952147094256547e-05,0.3485907454522661
6700,1.698742263019085,,9.876582978541953e-05,0.360710799379817
6720,1.7039665505290031,,9.801291181131093e-05,0.3528886275229432
6740,1.7146221175789833,,9.726274797606591e-05,0.3474008632200255
6760,1.6838550344109535,,9.651536912227546e-05,0.35060336387468927
6780,1.7494981959462166,,9.57708059780278e-05,0.35636556920939866
6800,1.7382828667759895,1.7058869838714599,9.502908915564458e-05,0.36478970361232754
6820,1.6969702616333961,,9.42902491504224e-05,0.35307232514504633
6840,1.673822045326233,,9.355431633937916e-05,0.3699580080997614
6860,1.7221345230937004,,9.282132098000486e-05,0.36225510998087
6880,1.721843808889389,,9.209129320901783e-05,0.37802719758351555
6900,1.6786689534783363,,9.136426304112558e-05,0.34579990369039676
6920,1.6766286343336105,,9.06402603677906e-05,0.372786678241575
6940,1.7202027812600136,,8.991931495600173e-05,0.35463288973674495
6960,1.7074357643723488,,8.92014564470499e-05,0.35365373531378574
6980,1.7148815616965294,,8.84867143553099e-05,0.3565456269000004
7000,1.7125799879431725,1.7582013666629792,8.77751180670264e-05,0.3523945111702298
7020,1.6957804709672928,,8.70666968391062e-05,0.36567745488000486
7040,1.679913878440857,,8.636147979791519e-05,0.3488453442441989
7060,1.6978645026683807,,8.565949593808063e-05,0.35148511458274156
7080,1.7129302769899368,,8.496077412129942e-05,0.3555104365930103
7100,1.6687204539775848,,8.426534307515111e-05,0.36462346659093603
7120,1.6874326914548874,,8.35732313919171e-05,0.3590056758390605
7140,1.6748138666152954,,8.288446752740487e-05,0.3557906159131619
7160,1.6831843554973602,,8.219907979977801e-05,0.35263496892837887
7180,1.7136907428503036,,8.15170963883922e-05,0.35500169814953014
7200,1.7154465913772583,1.699362760782242,8.083854533263625e-05,0.35427014985638067
7220,1.7011592015624046,,8.016345453077963e-05,0.35342177493763294
7240,1.672382190823555,,7.949185173882525e-05,0.3528557268575654
7260,1.6870233714580536,,7.882376456936827e-05,0.366178107499048
7280,1.7131434008479118,,7.815922049046098e-05,0.3658844702991776
7300,1.6981961652636528,,7.749824682448327e-05,0.3586979701338933
7320,1.66837327927351,,7.684087074701945e-05,0.3502016988500695
7340,1.6985327005386353,,7.618711928574081e-05,0.35203122321525343
7360,1.6955981403589249,,7.553701931929453e-05,0.35676644605793595
7380,1.6859940141439438,,7.489059757619851e-05,0.38526898342738397
7400,1.6897312253713608,1.698445552587509,7.42478806337423e-05,0.35175919536965394
7420,1.665887489914894,,7.360889491689468e-05,0.3569592313815892
7440,1.7250879630446434,,7.297366669721693e-05,0.34955933036927006
7460,1.6789695397019386,,7.234222209178289e-05,0.3471382554932963
7480,1.72662153840065,,7.17145870621051e-05,0.37032262895329976
7500,1.6686130091547966,,7.109078741306732e-05,0.3712473428361144
7520,1.7089954167604446,,7.047084879186375e-05,0.3558170906808385
7540,1.6862115412950516,,6.985479668694436e-05,0.3575616543218824
7560,1.6981566324830055,,6.924265642696717e-05,0.3493058525642347
7580,1.6525702625513077,,6.863445317975665e-05,0.35373882511325727
7600,1.7053057923913002,1.718285471200943,6.803021195126907e-05,0.35379490462182006
7620,1.6966958492994308,,6.74299575845645e-05,0.351262803089731
7640,1.7296879962086678,,6.68337147587851e-05,0.35405014860206335
7660,1.697377786040306,,6.624150798814086e-05,0.3535013973777025
7680,1.7143279314041138,,6.565336162090125e-05,0.35224747652735633
7700,1.6882897764444351,,6.506929983839457e-05,0.34737755424995737
7720,1.6750522181391716,,6.448934665401358e-05,0.36381737556188687
7740,1.6809882670640945,,6.3913525912228e-05,0.3563315750730187
7760,1.6945846006274223,,6.334186128760457e-05,0.35475985528065646
7780,1.6995156034827232,,6.277437628383328e-05,0.35490309514829765
7800,1.7032684087753296,1.6967272341251374,6.221109423276131e-05,0.39009507493166634
7820,1.690473273396492,,6.16520382934337e-05,0.34570256708792846
7840,1.670196793973446,,6.109723145114098e-05,0.3599449279751748
7860,1.7102710753679276,,6.0546696516474447e-05,0.3833973790036855
7880,1.7035572081804276,,6.000045612438802e-05,0.3722521888917363
7900,1.682894267141819,,5.9458532733267906e-05,0.3646054914032807
7920,1.6924669072031975,,5.8920948624008954e-05,0.36105434265265146
7940,1.6877002194523811,,5.8387725899098814e-05,0.35133809863371945
7960,1.7212511226534843,,5.7858886481709146e-05,0.36042616488150125
7980,1.7421059533953667,,5.7334452114794066e-05,0.35466430362537604
8000,1.6662256941199303,1.6866220653057098,5.681444436019657e-05,0.3633098615188358
8020,1.69506324082613,,5.629888459776163e-05,0.36133649813744995
8040,1.6973328217864037,,5.578779402445747e-05,0.35671941208302194
8060,1.6892798319458961,,5.5281193653504e-05,0.36516726661339266
8080,1.7005383521318436,,5.4779104313508655e-05,0.3589324931775499
8100,1.714376538991928,,5.4281546647610395e-05,0.35800797708910065
8120,1.7059184163808823,,5.378854111263063e-05,0.3646881513464364
8140,1.723792925477028,,5.330010797823242e-05,0.36542674881076354
8160,1.6561610847711563,,5.28162673260869e-05,0.3510169857894997
8180,1.7070892229676247,,5.233703904904778e-05,0.3748493097009081
8200,1.7139649540185928,1.685762733221054,5.186244285033337e-05,0.3586406437718523
8220,1.6484529674053192,,5.139249824271648e-05,0.36912918884310525
8240,1.7140842899680138,,5.0927224547722276e-05,0.37281292612358263
8260,1.6890881583094597,,5.046664089483373e-05,0.3550195475670451
8280,1.648895114660263,,5.0010766220705255e-05,0.3539173117049191
8300,1.6842304468154907,,4.955961926838411e-05,0.3599797830383244
8320,1.6936256512999535,,4.911321858653966e-05,0.3640324719766989
8340,1.6618440449237823,,4.867158252870097e-05,0.35248331616490836
8360,1.6556176841259003,,4.8234729252501985e-05,0.3644395443456669
8380,1.6764342933893204,,4.78026767189352e-05,0.3457360262981559
8400,1.7085301354527473,1.7165120661258697,4.73754426916131e-05,0.3687136891880438
8420,1.6403908431529999,,4.695304473603772e-05,0.35646739075413497
8440,1.6786277145147324,,4.653550021887866e-05,0.35615347173470396
8460,1.6609328910708427,,4.612282630725891e-05,0.34430535106520255
8480,1.6879162937402725,,4.571503996804908e-05,0.3588672424369595
8500,1.682897076010704,,4.5312157967169784e-05,0.3617055299484843
8520,1.6288581117987633,,4.491419686890242e-05,0.36104491504534675
8540,1.6655717939138412,,4.4521173035208005e-05,0.3519576587515989
8560,1.706409864127636,,4.413310262505457e-05,0.35506768281023443
8580,1.655661515891552,,4.375000159375266e-05,0.3480116534664311
8600,1.6339372247457504,1.7129766643047333,4.3371885692299546e-05,0.35308289784339114
8620,1.740095116198063,,4.299877046673138e-05,0.3755973363149967
8640,1.6546967253088951,,4.263067125748429e-05,0.36668042436662796
8660,1.683333933353424,,4.2267603198763427e-05,0.3483031793612179
8680,1.664701208472252,,4.1909581217920894e-05,0.358875752030732
8700,1.6723655462265015,,4.155662003484192e-05,0.3644546923007812
8720,1.6613335832953453,,4.1208734161339756e-05,0.36671352991734074
8740,1.6993005499243736,,4.0865937900558896e-05,0.3571757384086227
8760,1.681884028017521,,4.052824534638714e-05,0.36045610890381896
8780,1.7193336188793182,,4.0195670382876094e-05,0.37038123332209794
8800,1.6642075031995773,1.6507773458957673,3.986822668367024e-05,0.3550932598701372
8820,1.654824048280716,,3.9545927711444925e-05,0.3612821647208935
8840,1.6704362332820892,,3.922878671735268e-05,0.36002836310162534
8860,1.6725152805447578,,3.891681674047849e-05,0.35318571415881084
8880,1.697285644710064,,3.8610030607303765e-05,0.3617042012633474
8900,1.7263357490301132,,3.83084409311788e-05,0.3698237451888286
8920,1.7229269742965698,,3.801206011180439e-05,0.3597280330248175
8940,1.6879407614469528,,3.772090033472185e-05,0.3557289050883516
8960,1.7132963091135025,,3.743497357081214e-05,0.3568382875296631
8980,1.6812767907977104,,3.715429157580364e-05,0.360416756362074
9000,1.700626902282238,1.689265149831772,3.6878865889788766e-05,0.3627881553365413
9020,1.6700277104973793,,3.660870783674962e-05,0.36142228192161785
9040,1.7044081836938858,,3.63438285240923e-05,0.36496395238430623
9060,1.6762299686670303,,3.608423884219033e-05,0.35836301677559873
9080,1.6439994350075722,,3.582994946393675e-05,0.35145152799704
9100,1.6515763029456139,,3.558097084430552e-05,0.37236146125809083
9120,1.6890501454472542,,3.533731321992149e-05,0.36667219068842194
9140,1.6587428152561188,,3.5098986608639596e-05,0.3748092165285236
9160,1.6756025850772858,,3.486600080913301e-05,0.35288286068347663
9180,1.6696116402745247,,3.463836540049019e-05,0.361830334609755
9200,1.6881209090352058,1.708151602745056,3.4416089741821115e-05,0.3584200686383854
9220,1.7109259217977524,,3.4199182971872505e-05,0.36395783538960225
9240,1.6575731113553047,,3.398765400865197e-05,0.36165679553037117
9260,1.6538628786802292,,3.378151154906147e-05,0.3521679564951846
9280,1.696532465517521,,3.358076406853973e-05,0.370220895246294
9300,1.6417829245328903,,3.33854198207137e-05,0.35317155541419115
9320,1.6616768538951874,,3.3195486837059296e-05,0.36868824758271956
9340,1.6856808885931969,,3.301097292657111e-05,0.3633933514387717
9360,1.6907269060611725,,3.28318856754415e-05,0.3561146080481701
9380,1.6965122073888779,,3.2658232446748425e-05,0.3611888028608161
9400,1.6400609463453293,1.6859330475330352,3.249002038015304e-05,0.356400394831135
9420,1.678275816142559,,3.232725639160584e-05,0.3688500881867147
9440,1.6501299142837524,,3.216994717306254e-05,0.36601208921748324
9460,1.6679383292794228,,3.2018099192208853e-05,0.35705155225390184
9480,1.65488550812006,,3.187171869219456e-05,0.37182782291950206
9500,1.6746667996048927,,3.173081169137685e-05,0.3591165539802351
9520,1.652548722922802,,3.159538398307289e-05,0.35485489182497776
9540,1.666912481188774,,3.1465441135321575e-05,0.3551446221305843
9560,1.696309708058834,,3.13409884906547e-05,0.36506098369538137
9580,1.67875275015831,,3.122203116587724e-05,0.3533303849149782
9600,1.647878274321556,1.6800965130329133,3.110857405185696e-05,0.3621448710814997
9620,1.6463951393961906,,3.100062181332336e-05,0.36614142938615823
9640,1.6724948436021805,,3.0898178888675914e-05,0.35592028548898447
9660,1.6845812648534775,,3.080124948980152e-05,0.3724172937451318
9680,1.6840400025248528,,3.070983760190139e-05,0.3584075782396334
9700,1.6157077923417091,,3.062394698332716e-05,0.34990239084227337
9720,1.679745189845562,,3.054358116542641e-05,0.36637315858446445
9740,1.6586401462554932,,3.0468743452397403e-05,0.36047967933265096
9760,1.665307767689228,,3.0399436921153335e-05,0.364477506056554
9780,1.618425838649273,,3.0335664421195735e-05,0.36313102467773006
9800,1.647045984864235,1.6686540424823761,3.0277428574497378e-05,0.3583594120156575
9820,1.6737265214323997,,3.0224731775394435e-05,0.3673123275980973
9840,1.6680580750107765,,3.017757619048804e-05,0.3637169874182962
9860,1.7023373767733574,,3.0135963758555267e-05,0.36044905336011607
9880,1.6801105439662933,,3.009989619046933e-05,0.35922102686640545
9900,1.6653401628136635,,3.006937496912932e-05,0.36327249175410287
9920,1.6669121086597443,,3.004440134939916e-05,0.3562576579576482
9940,1.6498926654458046,,3.0024976358056076e-05,0.35467478856857254
9960,1.6678179949522018,,3.0011100793748386e-05,0.3648772181566143
9980,1.655480980873108,,3.00027752269626e-05,0.3605451878571753
10000,1.7117403000593185,1.7161846578121185,3e-05,0.36123695832459557
